language	term	count
ko_kp	우리	47
ko_kp	위한	35
ko_kp	당의	31
ko_kp	경애하는	31
ko_kp	로동신문	27
ko_kp	대한	24
ko_kp	새시대	20
ko_kp	모든	18
ko_kp	새로운	17
ko_kp	있는	16
ko_kp	한다	16
ko_kp	위대한	15
ko_kp	힘있게	13
ko_kp	더욱	12
ko_kp	당중앙의	12
ko_kp	인민의	11
ko_kp	위해	11
ko_kp	인민들의	11
ko_kp	일군들과	11
ko_kp	당이	10
ko_kp	총비서동지께서는	10
ko_kp	적극	10
ko_kp	화성지구	10
ko_kp	2026년	9
ko_kp	１만세대	9
ko_kp	농촌의	8
ko_kp	당중앙위원회	8
ko_kp	총비서동지의	8
ko_kp	우리식	8
ko_kp	문제	8
ko_kp	일떠선	8
ko_kp	해당	7
ko_kp	하는	7
ko_kp	총비서동지께서	7
ko_kp	깊이	7
ko_kp	본사기자	7
ko_kp	２월	7
ko_kp	자기	7
ko_kp	새로	6
ko_kp	함께	6
ko_kp	5월	6
ko_kp	29일	6
ko_kp	금요일	6
ko_kp	사회주의농촌건설의	6
ko_kp	지난	6
ko_kp	완벽하게	6
ko_kp	뚜렷이	6
ko_kp	아니다	6
ko_kp	얼마나	6
ko_kp	높은	6
ko_kp	없이	6
ko_kp	일군들이	6
ko_kp	하여	6
ko_kp	맡은	6
ko_kp	평양시	6
ko_kp	살림집건설을	6
ko_kp	끊임없이	6
ko_kp	착공	6
ko_kp	준공	6
ko_kp	있다	6
ko_kp	맞게	6
ko_kp	사업을	6
ko_kp	공장에서는	6
ko_kp	역할을	6
ko_kp	제품의	6
ko_kp	사진있음	5
ko_kp	인민이	5
ko_kp	위하여	5
ko_kp	나라의	5
ko_kp	우리의	5
ko_kp	령도밑에	5
ko_kp	김정은	5
ko_kp	농촌혁명강령은	5
ko_kp	힘을	5
ko_kp	력사적인	5
ko_kp	나라	5
ko_kp	가지는	5
ko_kp	당과	5
ko_kp	숭고한	5
ko_kp	되였다	5
ko_kp	대중의	5
ko_kp	하나의	5
ko_kp	계속	5
ko_kp	５만세대	5
ko_kp	전체	5
ko_kp	제일	5
ko_kp	훌륭한	5
ko_kp	수도의	5
ko_kp	철저히	5
ko_kp	현대적인	5
ko_kp	건설의	5
ko_kp	자기의	5
ko_kp	종업원들이	5
ko_kp	당을	5
ko_kp	하여야	5
ko_kp	사상과	5
ko_kp	단위의	5
ko_kp	남포시	4
ko_kp	온천군	4
ko_kp	원읍로동자구지역에서	4
ko_kp	신석기시대의	4
ko_kp	소금물을	4
ko_kp	이와	4
ko_kp	문명한	4
ko_kp	농촌혁명의	4
ko_kp	농촌을	4
ko_kp	훌륭히	4
ko_kp	조선로동당의	4
ko_kp	새시대를	4
ko_kp	같이	4
ko_kp	말씀하시였다	4
ko_kp	종국적으로	4
ko_kp	비상한	4
ko_kp	인민을	4
ko_kp	크나큰	4
ko_kp	２０２１년	4
ko_kp	진행된	4
ko_kp	제８기	4
ko_kp	빛나게	4
ko_kp	비롯하여	4
ko_kp	세차게	4
ko_kp	1면	4
ko_kp	중요성을	4
ko_kp	이들은	4
ko_kp	한편	4
ko_kp	속에	4
ko_kp	일군들은	4
ko_kp	확고히	4
ko_kp	부단히	4
ko_kp	２３일	4
ko_kp	눈부신	4
ko_kp	해마다	4
ko_kp	인민들에게	4
ko_kp	통하여	4
ko_kp	４단계	4
ko_kp	평범한	4
ko_kp	１단계	4
ko_kp	문명을	4
ko_kp	２단계	4
ko_kp	４월	4
ko_kp	１６일	4
ko_kp	인민대중제일주의건축리념은	4
ko_kp	과시되고있다	4
ko_kp	이것은	4
ko_kp	내세우고	4
ko_kp	최상의	4
ko_kp	인민들이	4
ko_kp	가지고	4
ko_kp	평가를	4
ko_kp	공장의	4
ko_kp	활발히	4
ko_kp	청동기시대와	3
ko_kp	과정에	3
ko_kp	되는	3
ko_kp	여러가지	3
ko_kp	훨씬	3
ko_kp	발굴된	3
ko_kp	또한	3
ko_kp	전면적국가부흥의	3
ko_kp	조선로동당이	3
ko_kp	펼친	3
ko_kp	하루빨리	3
ko_kp	생활을	3
ko_kp	최대의	3
ko_kp	제시한	3
ko_kp	농촌이	3
ko_kp	희한한	3
ko_kp	웅대한	3
ko_kp	령도의	3
ko_kp	확고한	3
ko_kp	정력적인	3
ko_kp	력사를	3
ko_kp	줄기차게	3
ko_kp	빠른	3
ko_kp	동지께서는	3
ko_kp	다음과	3
ko_kp	농촌문제를	3
ko_kp	거창한	3
ko_kp	반드시	3
ko_kp	하시며	3
ko_kp	새시대의	3
ko_kp	뜻깊은	3
ko_kp	사회주의농촌의	3
ko_kp	비약적발전을	3
ko_kp	조선로동당	3
ko_kp	사회주의농촌발전의	3
ko_kp	청사에	3
ko_kp	투쟁이	3
ko_kp	하신	3
ko_kp	승리를	3
ko_kp	높이	3
ko_kp	나서는	3
ko_kp	면모와	3
ko_kp	환경을	3
ko_kp	사회주의의	3
ko_kp	제시하신	3
ko_kp	성과적으로	3
ko_kp	사회주의건설의	3
ko_kp	요구에	3
ko_kp	인민에	3
ko_kp	세상에	3
ko_kp	박력있게	3
ko_kp	떨쳐나선	3
ko_kp	비롯한	3
ko_kp	어떻게	3
ko_kp	진행하고있다	3
ko_kp	많은	3
ko_kp	지금	3
ko_kp	면모를	3
ko_kp	고조시키고있다	3
ko_kp	비해	3
ko_kp	높일수	3
ko_kp	일대	3
ko_kp	현명한	3
ko_kp	사회주의	3
ko_kp	수도	3
ko_kp	따라	3
ko_kp	인민은	3
ko_kp	３월	3
ko_kp	계기로	3
ko_kp	절세위인의	3
ko_kp	중요한	3
ko_kp	몸소	3
ko_kp	우리는	3
ko_kp	편의를	3
ko_kp	핵으로	3
ko_kp	화성지구의	3
ko_kp	나날	3
ko_kp	초고층	3
ko_kp	고층살림집들과	3
ko_kp	수도건설	3
ko_kp	옹근	3
ko_kp	보다	3
ko_kp	기념비적인	3
ko_kp	２０２２년	3
ko_kp	２０２３년	3
ko_kp	２０２４년	3
ko_kp	어떤	3
ko_kp	하며	3
ko_kp	시대의	3
ko_kp	참으로	3
ko_kp	다름아닌	3
ko_kp	되게	3
ko_kp	없다	3
ko_kp	시간을	3
ko_kp	사업에서	3
ko_kp	과학기술학습을	3
ko_kp	실속있게	3
ko_kp	못하고	3
ko_kp	바라는	3
ko_kp	각급	3
ko_kp	지방발전정책의	3
ko_kp	살아나는	3
ko_kp	제품들을	3
ko_kp	벌리고있다	3
ko_kp	생산하여	3
ko_kp	하고있다	3
ko_kp	특히	3
ko_kp	질을	3
ko_kp	제품개발에	3
ko_kp	가지수를	3
ko_kp	종업원들은	3
ko_kp	옳게	3
ko_kp	당사업과	3
ko_kp	지닌	3
ko_kp	유일적령도체계를	3
ko_kp	혁명과	3
ko_kp	정치적참모부로서의	3
ko_kp	당원들이	3
ko_kp	다해나가야	3
ko_kp	4월	2
ko_kp	발굴되였다	2
ko_kp	창조한	2
ko_kp	많이	2
ko_kp	뜻을	2
ko_kp	받들고	2
ko_kp	연구집단은	2
ko_kp	신석기시대	2
ko_kp	５００년전	2
ko_kp	２개의	2
ko_kp	웃문화층에서는	2
ko_kp	청동기시대의	2
ko_kp	팽이그릇쪼각들이	2
ko_kp	아래문화층에서는	2
ko_kp	새김무늬그릇쪼각들이	2
ko_kp	연도가	2
ko_kp	화독시설과	2
ko_kp	없는	2
ko_kp	련계밑에	2
ko_kp	소금물저장시설의	2
ko_kp	주변토양의	2
ko_kp	소금을	2
ko_kp	생산하던	2
ko_kp	질그릇들은	2
ko_kp	０００년전의	2
ko_kp	청동기시대에	2
ko_kp	５００년전의	2
ko_kp	신석기시대에	2
ko_kp	조선중앙통신	2
ko_kp	쪼각	2
ko_kp	2면	2
ko_kp	력사	2
ko_kp	유족하고	2
ko_kp	숙원으로	2
ko_kp	간직한	2
ko_kp	경이적인	2
ko_kp	나날이	2
ko_kp	농업생산을	2
ko_kp	지속적으로	2
ko_kp	별천지로	2
ko_kp	어디서나	2
ko_kp	문명의	2
ko_kp	밝힌	2
ko_kp	없었던	2
ko_kp	철두철미	2
ko_kp	탁월한	2
ko_kp	령도와	2
ko_kp	위민헌신의	2
ko_kp	안아온	2
ko_kp	내놓고	2
ko_kp	자랑할수	2
ko_kp	사회주의락원으로	2
ko_kp	거룩한	2
ko_kp	펼쳐지게	2
ko_kp	농촌혁명강령	2
ko_kp	농촌발전의	2
ko_kp	앞길을	2
ko_kp	고귀한	2
ko_kp	눈부시게	2
ko_kp	격동의	2
ko_kp	할수	2
ko_kp	미래에로	2
ko_kp	가장	2
ko_kp	농촌혁명강령이	2
ko_kp	진로를	2
ko_kp	누구나	2
ko_kp	이룩할수	2
ko_kp	그것은	2
ko_kp	꿈과	2
ko_kp	헌신적인	2
ko_kp	농촌혁명을	2
ko_kp	끝없는	2
ko_kp	심혈을	2
ko_kp	기울이신	2
ko_kp	총비서동지	2
ko_kp	이룩하고	2
ko_kp	한다고	2
ko_kp	방향과	2
ko_kp	농업을	2
ko_kp	사업에	2
ko_kp	혁명령도의	2
ko_kp	불같은	2
ko_kp	숭엄히	2
ko_kp	깊은	2
ko_kp	관심을	2
ko_kp	그리고	2
ko_kp	바치신	2
ko_kp	제４차전원회의는	2
ko_kp	농촌혁명강령을	2
ko_kp	전원회의에서	2
ko_kp	제시하시였다	2
ko_kp	구체적으로	2
ko_kp	하시면서	2
ko_kp	근본적인	2
ko_kp	３대혁명을	2
ko_kp	주는	2
ko_kp	불길을	2
ko_kp	방대한	2
ko_kp	최단기간내에	2
ko_kp	실현할수	2
ko_kp	있게	2
ko_kp	위력한	2
ko_kp	불멸의	2
ko_kp	담보하는	2
ko_kp	다그쳐	2
ko_kp	리상을	2
ko_kp	현실로	2
ko_kp	마음껏	2
ko_kp	심혈과	2
ko_kp	열렬한	2
ko_kp	숙원에	2
ko_kp	떠받들려	2
ko_kp	력사가	2
ko_kp	진정	2
ko_kp	풍남광산개발공사를	2
ko_kp	제９차대회	2
ko_kp	８비날론련합기업소	2
ko_kp	로동계급이	2
ko_kp	다그치고있다	2
ko_kp	파쇄	2
ko_kp	건설해놓은	2
ko_kp	련합기업소로동계급은	2
ko_kp	단위와	2
ko_kp	공사를	2
ko_kp	완강히	2
ko_kp	하는데	2
ko_kp	않고	2
ko_kp	현지에	2
ko_kp	대중을	2
ko_kp	제기되는	2
ko_kp	문제들을	2
ko_kp	대책을	2
ko_kp	합리적인	2
ko_kp	자체의	2
ko_kp	기술자	2
ko_kp	종업원들의	2
ko_kp	김일성	2
ko_kp	끝내기	2
ko_kp	물길굴확장	2
ko_kp	결정관철을	2
ko_kp	도의	2
ko_kp	드높은	2
ko_kp	의해	2
ko_kp	높아지고있다	2
ko_kp	일군들의	2
ko_kp	동음을	2
ko_kp	김책공업종합대학	2
ko_kp	튼튼히	2
ko_kp	기술전을	2
ko_kp	앞선	2
ko_kp	진행하여	2
ko_kp	이에	2
ko_kp	수도건설의	2
ko_kp	평양이	2
ko_kp	날을	2
ko_kp	평양의	2
ko_kp	뜨겁게	2
ko_kp	새겨안고있다	2
ko_kp	평양은	2
ko_kp	합니다	2
ko_kp	련이어	2
ko_kp	전성기를	2
ko_kp	아니라	2
ko_kp	확신을	2
ko_kp	살림집건설은	2
ko_kp	최중대과업으로	2
ko_kp	인민들과	2
ko_kp	변화를	2
ko_kp	하나하나의	2
ko_kp	일떠서는	2
ko_kp	해도	2
ko_kp	등을	2
ko_kp	건설에서	2
ko_kp	령도에	2
ko_kp	의하여	2
ko_kp	기적의	2
ko_kp	０００여	2
ko_kp	３만	2
ko_kp	달하는	2
ko_kp	공공건물	2
ko_kp	갖춘	2
ko_kp	５개년계획의	2
ko_kp	명당자리에	2
ko_kp	일떠세워	2
ko_kp	의도를	2
ko_kp	또다시	2
ko_kp	국가특유의	2
ko_kp	향유하는	2
ko_kp	살림집건설과	2
ko_kp	건설에	2
ko_kp	살림집을	2
ko_kp	특색있는	2
ko_kp	크게	2
ko_kp	주체조선의	2
ko_kp	화성지구에	2
ko_kp	강한	2
ko_kp	상업	2
ko_kp	３단계	2
ko_kp	화성지구가	2
ko_kp	오늘의	2
ko_kp	２０２６년	2
ko_kp	인민적인	2
ko_kp	인민대중제일주의건축의	2
ko_kp	발전상을	2
ko_kp	행복의	2
ko_kp	대번영기를	2
ko_kp	１５일	2
ko_kp	２０２５년	2
ko_kp	위용을	2
ko_kp	건축물들이	2
ko_kp	인민대중제일주의를	2
ko_kp	구현한	2
ko_kp	진정한	2
ko_kp	무엇보다도	2
